index,value
0,cnp01382157
1,cnp01371511
2,cnp01443734
3,cnp00099486
4,cnp01919632
5,cnp01884261
6,cnp00981196
7,cnp01919634
8,cnp00384742
9,cnp00900145
10,cnp01005388
11,cnp01200592
12,cnp00099596
13,cnp01919638
14,cnp01022250
15,cnp00099652
16,cnp01230224
17,cnp02101595
18,cnp01316341
19,cnp01350201
20,cnp02138394
21,cnp01406042
22,cnp01039622
23,cnp01019887
24,cnp01911207
25,cnp01120503
26,cnp00099707
27,cnp02063933
28,cnp01360324
29,cnp00385731
30,cnp02187282
31,cnp00901761
32,cnp01876658
33,cnp01468084
34,cnp00412417
35,cnp00951066
36,cnp00428303
37,cnp00935714
38,cnp01313405
39,cnp00099863
40,cnp00656276
41,cnp00126948
42,cnp01882444
43,cnp00432861
44,cnp02113927
45,cnp01919642
46,cnp01879063
47,cnp00431494
48,cnp01271306
49,cnp01395548
50,cnp02235885
51,cnp01919643
52,cnp01410458
53,cnp00950376
54,cnp01327983
55,cnp00639985
56,cnp00017586
57,cnp01180322
58,cnp00390975
59,cnp00475665
60,cnp01230587
61,cnp01973939
62,cnp00946101
63,cnp00385870
64,cnp00394069
65,cnp01880963
66,cnp01893537
67,cnp01347892
68,cnp02289918
69,cnp00394082
70,cnp00442569
71,cnp01985074
72,cnp01316398
73,cnp02266756
74,cnp01401002
75,cnp01022587
76,cnp01347939
77,cnp00827344
78,cnp01327988
79,cnp02140685
80,cnp02266318
81,cnp00846462
82,cnp01006600
83,cnp01273893
84,cnp02106929
85,cnp01919647
86,cnp01919648
87,cnp01281146
88,cnp00489873
89,cnp01880656
90,cnp01078061
91,cnp01364652
92,cnp01302791
93,cnp01078157
94,cnp01354003
95,cnp02312162
96,cnp00017635
97,cnp00900804
98,cnp00145517
99,cnp00427443
100,cnp00100623
101,cnp01978028
102,cnp02134922
103,cnp01364676
104,cnp02317470
105,cnp00287013
106,cnp01320054
107,cnp01880566
108,cnp01010326
109,cnp02244896
110,cnp01361231
111,cnp00820002
112,cnp00667611
113,cnp02142017
114,cnp00370784
115,cnp01131737
116,cnp00649901
117,cnp00430633
118,cnp00936828
119,cnp02143646
120,cnp01397388
121,cnp02294466
122,cnp02294307
123,cnp00390358
124,cnp00822732
125,cnp01010751
126,cnp01226188
127,cnp01912085
128,cnp00557459
129,cnp01155901
130,cnp00446750
131,cnp01329248
132,cnp02162969
133,cnp01360154
134,cnp01419086
135,cnp01336175
136,cnp01919652
137,cnp01329886
138,cnp01329730
139,cnp01348997
140,cnp01277370
141,cnp01881051
142,cnp01307458
143,cnp01338801
144,cnp00951335
145,cnp00390388
146,cnp01316493
147,cnp02235906
148,cnp00905813
149,cnp01316503
150,cnp01435092
151,cnp01468914
152,cnp01389573
153,cnp01328238
154,cnp01415197
155,cnp01238784
156,cnp00561947
157,cnp01017951
158,cnp00283141
159,cnp02162972
160,cnp00176141
161,cnp01225960
162,cnp00471286
163,cnp02114812
164,cnp01919655
165,cnp01331142
166,cnp02162975
167,cnp00870301
168,cnp01919656
169,cnp00503273
170,cnp01419696
171,cnp01467090
172,cnp01336730
173,cnp01199180
174,cnp01316530
175,cnp00626410
176,cnp00101218
177,cnp02138644
178,cnp00471549
179,cnp00381221
180,cnp00973415
181,cnp02120891
182,cnp01177963
183,cnp00924536
184,cnp00504169
185,cnp00397446
186,cnp00613945
187,cnp02128577
188,cnp00504752
189,cnp01011319
190,cnp01316539
191,cnp00639317
192,cnp02230942
193,cnp00283140
194,cnp01370615
195,cnp01231352
196,cnp02181017
197,cnp01231373
198,cnp01320598
199,cnp01880790
200,cnp00167512
201,cnp01200223
202,cnp01231403
203,cnp01291828
204,cnp01303100
205,cnp02127710
206,cnp01208519
207,cnp00638047
208,cnp01919658
209,cnp01002799
210,cnp02197924
211,cnp01127772
212,cnp01377605
213,cnp01073918
214,cnp01920892
215,cnp00580895
216,cnp01323883
217,cnp01337053
218,cnp01436478
219,cnp01510943
220,cnp01088897
221,cnp02334268
222,cnp02154944
223,cnp01320899
224,cnp02211160
225,cnp01879023
226,cnp00385275
227,cnp01019872
228,cnp01231531
229,cnp01877435
230,cnp01088917
231,cnp01351361
232,cnp00476987
233,cnp01983220
234,cnp00479927
235,cnp01347099
236,cnp02239020
237,cnp00942919
238,cnp01876598
239,cnp00871211
240,cnp02235933
241,cnp01884314
242,cnp01402629
243,cnp01231580
244,cnp00069034
245,cnp01226788
246,cnp00467744
247,cnp01986754
248,cnp00590585
249,cnp01255966
250,cnp01322254
251,cnp01875813
252,cnp02171201
253,cnp02230047
254,cnp01391772
255,cnp02108210
256,cnp00950796
257,cnp01231625
258,cnp01329937
259,cnp02168130
260,cnp00459835
261,cnp01282497
262,cnp01471592
263,cnp00139709
264,cnp01409553
265,cnp01003102
266,cnp01930951
267,cnp01367390
268,cnp01330573
269,cnp02299173
270,cnp00355903
271,cnp01325787
272,cnp01115781
273,cnp01024251
274,cnp00579833
275,cnp02121737
276,cnp02162983
277,cnp02157237
278,cnp02140267
279,cnp02140269
280,cnp01347336
281,cnp00813089
282,cnp00102421
283,cnp01904447
284,cnp02208146
285,cnp01329375
286,cnp01231743
287,cnp02229624
288,cnp00965320
289,cnp00503873
290,cnp02158412
291,cnp01391574
292,cnp01349348
293,cnp01231795
294,cnp01371119
295,cnp00146798
296,cnp01437143
297,cnp01372944
298,cnp01231828
299,cnp00127998
300,cnp00571733
301,cnp00636857
302,cnp01345246
303,cnp02011601
304,cnp01277416
305,cnp01919661
306,cnp00661936
307,cnp01207882
308,cnp01207886
309,cnp01347934
310,cnp01002233
311,cnp01416473
312,cnp02062635
313,cnp00390713
314,cnp02126504
315,cnp00990253
316,cnp01267785
317,cnp01231917
318,cnp02044519
319,cnp00581402
320,cnp01345096
321,cnp01146927
322,cnp01340987
323,cnp01355792
324,cnp01345497
325,cnp01316646
326,cnp01350010
327,cnp00833605
328,cnp01427335
329,cnp00390726
330,cnp01089604
331,cnp01919663
332,cnp02159154
333,cnp00976859
334,cnp01316674
335,cnp01382351
336,cnp01329438
337,cnp01355494
338,cnp02054345
339,cnp00343317
340,cnp02211874
341,cnp00605131
342,cnp01089747
343,cnp02136292
344,cnp01919666
345,cnp02190631
346,cnp01347493
347,cnp01380775
348,cnp01879402
349,cnp01232011
350,cnp00596309
351,cnp01337269
352,cnp00601122
353,cnp01303323
354,cnp00066999
355,cnp01351334
356,cnp01313334
357,cnp00474060
358,cnp01025752
359,cnp00632356
360,cnp02266964
361,cnp02309174
362,cnp01303321
363,cnp01290866
364,cnp02108581
365,cnp01323465
366,cnp02210013
367,cnp01392357
368,cnp00383278
369,cnp02156711
370,cnp00103149
371,cnp01283048
372,cnp01094218
373,cnp00375250
374,cnp02088587
375,cnp01404977
376,cnp01162817
377,cnp01049147
378,cnp01378567
379,cnp01335016
380,cnp01335019
381,cnp01335017
382,cnp01005224
383,cnp01905351
384,cnp00357110
385,cnp01347930
386,cnp01330272
387,cnp01982998
388,cnp01381608
389,cnp01159778
390,cnp01345814
391,cnp00986100
392,cnp01285149
393,cnp02105686
394,cnp01919651
395,cnp01319857
396,cnp00394377
397,cnp01340575
398,cnp02142121
399,cnp01036393
400,cnp01344682
401,cnp01361113
402,cnp01309925
403,cnp01316739
404,cnp00442389
405,cnp02162989
406,cnp01303545
407,cnp01919680
408,cnp01919681
409,cnp02115701
410,cnp02249951
411,cnp01905929
412,cnp00363271
413,cnp01331039
414,cnp01117899
415,cnp01901801
416,cnp00421509
417,cnp01232282
418,cnp01471142
419,cnp01356171
420,cnp00446971
421,cnp01427068
422,cnp01329339
423,cnp00439134
424,cnp01019087
425,cnp00401828
426,cnp00484517
427,cnp01405039
428,cnp00103927
429,cnp00152466
430,cnp01320282
431,cnp02235964
432,cnp01395468
433,cnp02097985
434,cnp01339954
435,cnp00103807
436,cnp01341055
437,cnp01045927
438,cnp01437248
439,cnp01396025
440,cnp00364445
441,cnp01399888
442,cnp00920806
443,cnp02222256
444,cnp01443317
445,cnp02116159
446,cnp01328226
447,cnp00416288
448,cnp01399256
449,cnp00950559
450,cnp00464096
451,cnp00390888
452,cnp01372869
453,cnp01166090
454,cnp01481978
455,cnp00589975
456,cnp02313756
457,cnp00405760
458,cnp00114930
459,cnp01351342
460,cnp00634712
461,cnp00496395
462,cnp00602519
463,cnp02056865
464,cnp00368745
465,cnp01232761
466,cnp01879549
467,cnp01352300
468,cnp02211059
469,cnp02156073
470,cnp00546191
471,cnp01379109
472,cnp00368790
473,cnp00401645
474,cnp02209689
475,cnp01382948
476,cnp02148895
477,cnp01355990
478,cnp02294409
479,cnp01381616
480,cnp02334388
481,cnp01016067
482,cnp00424957
483,cnp01114322
484,cnp00157873
485,cnp00626414
486,cnp01362737
487,cnp01345049
488,cnp00985836
489,cnp01341546
490,cnp00951342
491,cnp01879656
492,cnp02213004
493,cnp01091385
494,cnp02064528
495,cnp01026836
496,cnp02010101
497,cnp01358480
498,cnp01310208
499,cnp02210701
500,cnp01307036
501,cnp01481137
502,cnp01399899
503,cnp01469470
504,cnp01896735
505,cnp02329782
506,cnp01100237
507,cnp00599798
508,cnp02092984
509,cnp01900808
510,cnp00975305
511,cnp02201190
512,cnp02213023
513,cnp02119488
514,cnp02172704
515,cnp00393230
516,cnp00386587
517,cnp02162992
518,cnp01386031
519,cnp02147480
520,cnp01352662
521,cnp00322373
522,cnp02142166
523,cnp01341135
524,cnp01362489
525,cnp01956890
526,cnp01891255
527,cnp01022438
528,cnp01233064
529,cnp01273499
530,cnp01406189
531,cnp01355845
532,cnp01976830
533,cnp01939374
534,cnp00799204
535,cnp01428444
536,cnp02213670
537,cnp01167073
538,cnp02140495
539,cnp01301986
540,cnp00951193
541,cnp01316875
542,cnp01333723
543,cnp00488336
544,cnp01919684
545,cnp01919685
546,cnp00294061
547,cnp00457000
548,cnp02104569
549,cnp01370536
550,cnp02165731
551,cnp01352888
552,cnp01879907
553,cnp01273011
554,cnp01338632
555,cnp01342652
556,cnp01015198
557,cnp00301158
558,cnp00129678
559,cnp02015465
560,cnp01906759
561,cnp01956097
562,cnp01875140
563,cnp00403978
564,cnp01391964
565,cnp01233195
566,cnp02096764
567,cnp01337891
568,cnp01364958
569,cnp01316895
570,cnp00995314
571,cnp00689646
572,cnp00950892
573,cnp01879181
574,cnp00967202
575,cnp01003527
576,cnp02101603
577,cnp01233301
578,cnp01118781
579,cnp00105238
580,cnp00984629
581,cnp02145707
582,cnp00467311
583,cnp01365670
584,cnp02128621
585,cnp01427020
586,cnp02101590
587,cnp01875338
588,cnp02104822
589,cnp02244185
590,cnp01341139
591,cnp01091170
592,cnp01316924
593,cnp02104967
594,cnp01345792
595,cnp00105475
596,cnp00342034
597,cnp00477341
598,cnp01387988
599,cnp01006233
600,cnp00387315
601,cnp01118997
602,cnp01099559
603,cnp01233501
604,cnp00994810
605,cnp01233522
606,cnp01309947
607,cnp01007695
608,cnp01953938
609,cnp01321930
610,cnp01875828
611,cnp02188516
612,cnp00482820
613,cnp01877518
614,cnp01340084
615,cnp01406339
616,cnp00508735
617,cnp00975095
618,cnp01919691
619,cnp01919690
620,cnp00969493
621,cnp00629022
622,cnp01330199
623,cnp00387502
624,cnp01321618
625,cnp01470260
626,cnp02314861
627,cnp01328025
628,cnp01037256
629,cnp01355346
630,cnp02163000
631,cnp01447325
632,cnp01324483
633,cnp01919686
634,cnp01304941
635,cnp01939693
636,cnp01143707
637,cnp01919694
638,cnp01368065
639,cnp01233645
640,cnp01311691
641,cnp00874821
642,cnp00077192
643,cnp00551192
644,cnp00507511
645,cnp00476702
646,cnp00862739
647,cnp01327594
648,cnp02107692
649,cnp01409038
650,cnp01089569
651,cnp00392007
652,cnp02149411
653,cnp01326682
654,cnp01359807
655,cnp01355841
656,cnp02101571
657,cnp01332848
658,cnp01303023
659,cnp00105837
660,cnp01877782
661,cnp00951011
662,cnp00105985
663,cnp00984096
664,cnp01304917
665,cnp02143815
666,cnp01335792
667,cnp00070130
668,cnp02113765
669,cnp01233776
670,cnp02265415
671,cnp01391728
672,cnp01327508
673,cnp01395469
674,cnp01335791
675,cnp01391856
676,cnp01165386
677,cnp01345100
678,cnp01329740
679,cnp00921622
680,cnp01339772
681,cnp00405665
682,cnp00389783
683,cnp01317013
684,cnp01921111
685,cnp01331399
686,cnp00106298
687,cnp00466193
688,cnp00589927
689,cnp01389779
690,cnp01990435
691,cnp01875685
692,cnp00141913
693,cnp00951141
694,cnp01379493
695,cnp00994210
696,cnp01416537
697,cnp00469354
698,cnp02140516
699,cnp01314852
700,cnp01076254
701,cnp00420870
702,cnp01234007
703,cnp01142873
704,cnp02218266
705,cnp01363122
706,cnp00613664
707,cnp01327945
708,cnp00401686
709,cnp01914406
710,cnp01325571
711,cnp02125792
712,cnp00382785
713,cnp00063634
714,cnp00414862
715,cnp00021851
716,cnp01329659
717,cnp01877766
718,cnp00014570
719,cnp01234100
720,cnp01355708
721,cnp01443388
722,cnp02308630
723,cnp01345514
724,cnp00992364
725,cnp02221348
726,cnp01976887
727,cnp02153688
728,cnp02163003
729,cnp01345617
730,cnp02184867
731,cnp02067153
732,cnp02190961
733,cnp00631593
734,cnp01056939
735,cnp02176412
736,cnp00346666
737,cnp01349773
738,cnp00485444
739,cnp02230350
740,cnp01878355
741,cnp00359978
742,cnp00449716
743,cnp00557114
744,cnp01317063
745,cnp01234157
746,cnp00455882
747,cnp01165900
748,cnp01159238
749,cnp00507276
750,cnp02091221
751,cnp00371858
752,cnp00386117
753,cnp00619870
754,cnp00649719
755,cnp01146658
756,cnp00452326
757,cnp01128300
758,cnp01440125
759,cnp02288180
760,cnp00567716
761,cnp01443130
762,cnp00289724
763,cnp02127516
764,cnp02155359
765,cnp01031155
766,cnp00169282
767,cnp00872727
768,cnp00954353
769,cnp01921159
770,cnp01437115
771,cnp00406344
772,cnp01120346
773,cnp00447681
774,cnp02265294
775,cnp01120341
776,cnp01064805
777,cnp00354610
778,cnp01327095
779,cnp02163012
780,cnp01919703
781,cnp00289676
782,cnp00966283
783,cnp01093384
784,cnp00886194
785,cnp01229337
786,cnp01389635
787,cnp01161046
788,cnp00466008
789,cnp00402391
790,cnp01140551
791,cnp01154835
792,cnp02163019
793,cnp00350996
794,cnp01363171
795,cnp01427572
796,cnp02163020
797,cnp01919706
798,cnp00976839
799,cnp01026086
800,cnp01310501
801,cnp01048978
802,cnp02159196
803,cnp01919710
804,cnp01078149
805,cnp02069815
806,cnp01131796
807,cnp02142085
808,cnp01313448
809,cnp01389852
810,cnp00461448
811,cnp00122187
812,cnp00380320
813,cnp01878955
814,cnp01106362
815,cnp00635579
816,cnp00888506
817,cnp02063829
818,cnp01379874
819,cnp01353353
820,cnp01234345
821,cnp00436120
822,cnp01324750
823,cnp00345796
824,cnp00394712
825,cnp01373058
826,cnp01475871
827,cnp01152626
828,cnp01152627
829,cnp01486719
830,cnp01288351
831,cnp02329912
832,cnp00386311
833,cnp01366106
834,cnp01234438
835,cnp02232803
836,cnp02143817
837,cnp01317184
838,cnp01875467
839,cnp00967217
840,cnp00966200
841,cnp01341529
842,cnp01044456
843,cnp01330053
844,cnp02179557
845,cnp01875767
846,cnp00683430
847,cnp01391847
848,cnp00347201
849,cnp00418166
850,cnp02143831
851,cnp00891166
852,cnp00386604
853,cnp01330261
854,cnp01881119
855,cnp01100371
856,cnp01317199
857,cnp01919713
858,cnp01121159
859,cnp01919714
860,cnp00024722
861,cnp01079978
862,cnp00449538
863,cnp01913362
864,cnp01373458
865,cnp01445470
866,cnp01384429
867,cnp01256388
868,cnp00696149
869,cnp01387069
870,cnp01337382
871,cnp01919715
872,cnp00513633
873,cnp02140656
874,cnp01879530
875,cnp02225656
876,cnp02163025
877,cnp01438995
878,cnp01392199
879,cnp01381308
880,cnp01361826
881,cnp01137643
882,cnp01882800
883,cnp00904332
884,cnp01339021
885,cnp01919716
886,cnp01271560
887,cnp01340415
888,cnp01234788
889,cnp00874377
890,cnp01876860
891,cnp01397652
892,cnp01302722
893,cnp01234831
894,cnp00873006
895,cnp02157863
896,cnp01919717
897,cnp01919718
898,cnp01121437
899,cnp02156723
900,cnp01328195
901,cnp01234874
902,cnp01919720
903,cnp00081875
904,cnp00597147
905,cnp00473239
906,cnp01121535
907,cnp01919724
908,cnp00504577
909,cnp01919726
910,cnp02242789
911,cnp01919727
912,cnp00602724
913,cnp01366166
914,cnp01234891
915,cnp02150587
916,cnp01071230
917,cnp02163030
918,cnp01878057
919,cnp01056140
920,cnp00387676
921,cnp01339506
922,cnp01377125
923,cnp00435352
924,cnp01919734
925,cnp02163034
926,cnp01340685
927,cnp01879545
928,cnp01305420
929,cnp00416575
930,cnp02085815
931,cnp02207805
932,cnp00650609
933,cnp01344806
934,cnp02239623
935,cnp01919732
936,cnp01919733
937,cnp02163032
938,cnp01121780
939,cnp00453326
940,cnp01409807
941,cnp01011351
942,cnp01326084
943,cnp01012117
944,cnp02094405
945,cnp02198151
946,cnp01012120
947,cnp01082343
948,cnp00950867
949,cnp00474052
950,cnp01283791
951,cnp00994873
952,cnp01294650
953,cnp01440545
954,cnp02163024
955,cnp01919735
956,cnp00301902
957,cnp02163035
958,cnp01327950
959,cnp01307139
960,cnp00000493
961,cnp01940714
962,cnp00626415
963,cnp00959213
964,cnp02294974
965,cnp00951038
966,cnp01342319
967,cnp00394836
968,cnp01337141
969,cnp02143832
970,cnp00348578
971,cnp00508265
972,cnp01880451
973,cnp01321458
974,cnp01235067
975,cnp01307147
976,cnp02085023
977,cnp01919740
978,cnp00926203
979,cnp00484646
980,cnp01378476
981,cnp02006086
982,cnp01122000
983,cnp01956703
984,cnp01056832
985,cnp01050080
986,cnp02068648
987,cnp01880217
988,cnp01322095
989,cnp01877605
990,cnp01327525
991,cnp01350160
992,cnp00386421
993,cnp02163036
994,cnp01880527
995,cnp01341438
996,cnp00805605
997,cnp01330172
998,cnp01363268
999,cnp02163037
1000,cnp00974393
1001,cnp01375132
1002,cnp00877221
1003,cnp00164217
1004,cnp00566299
1005,cnp00486782
1006,cnp01442371
1007,cnp02234984
1008,cnp02163040
1009,cnp01876979
1010,cnp01340100
1011,cnp02205996
1012,cnp01329409
1013,cnp02168112
1014,cnp01880057
1015,cnp00551683
1016,cnp01345184
1017,cnp00940854
1018,cnp00981965
1019,cnp00617980
1020,cnp00545294
1021,cnp01360524
1022,cnp01235234
1023,cnp01287286
1024,cnp00468695
1025,cnp02103244
1026,cnp00412032
1027,cnp01363143
1028,cnp01884758
1029,cnp01876433
1030,cnp01391905
1031,cnp00985123
1032,cnp02149876
1033,cnp02163042
1034,cnp01390741
1035,cnp00977148
1036,cnp01393325
1037,cnp02140629
1038,cnp00467741
1039,cnp01325603
1040,cnp01905866
1041,cnp01161218
1042,cnp02230529
1043,cnp01235486
1044,cnp00000495
1045,cnp01934153
1046,cnp00962758
1047,cnp01050806
1048,cnp02335219
1049,cnp00439528
1050,cnp02055530
1051,cnp01941310
1052,cnp01328010
1053,cnp02163844
1054,cnp01401125
1055,cnp01235536
1056,cnp02229679
1057,cnp00398351
1058,cnp01470045
1059,cnp01919746
1060,cnp01919747
1061,cnp01919748
1062,cnp01919749
1063,cnp01338526
1064,cnp01031516
1065,cnp00989107
1066,cnp00018304
1067,cnp01929452
1068,cnp00018305
1069,cnp01882880
1070,cnp01363533
1071,cnp02163045
1072,cnp00951195
1073,cnp01919751
1074,cnp02103363
1075,cnp01341195
1076,cnp01919755
1077,cnp02137514
1078,cnp01399879
1079,cnp01919756
1080,cnp01221500
1081,cnp02113098
1082,cnp01302340
1083,cnp00106359
1084,cnp01062619
1085,cnp01975436
1086,cnp01327704
1087,cnp01326948
1088,cnp01350371
1089,cnp01329516
1090,cnp00063027
1091,cnp01331171
1092,cnp00026430
1093,cnp01356591
1094,cnp00611867
1095,cnp01344826
1096,cnp02220453
1097,cnp01875706
1098,cnp00485442
1099,cnp01311587
1100,cnp00950513
1101,cnp01298025
1102,cnp01483154
1103,cnp02140703
1104,cnp00959838
1105,cnp00985092
1106,cnp01904787
1107,cnp02181704
1108,cnp02213909
1109,cnp01919762
1110,cnp00824711
1111,cnp01919763
1112,cnp02161076
1113,cnp01919764
1114,cnp02163051
1115,cnp01059696
1116,cnp01330865
1117,cnp01439060
1118,cnp00950594
1119,cnp01321800
1120,cnp02163052
1121,cnp00398396
1122,cnp01919767
1123,cnp01150474
1124,cnp01353332
1125,cnp01440456
1126,cnp01405029
1127,cnp01407758
1128,cnp00390440
1129,cnp00494399
1130,cnp01377073
1131,cnp01311590
1132,cnp01914675
1133,cnp01303858
1134,cnp02197006
1135,cnp01130536
1136,cnp01329805
1137,cnp01346363
1138,cnp01919772
1139,cnp00462206
1140,cnp00632803
1141,cnp00944119
1142,cnp01035062
1143,cnp02154894
1144,cnp00463825
1145,cnp01919738
1146,cnp00529114
1147,cnp01919745
1148,cnp01919769
1149,cnp01272246
1150,cnp01919770
1151,cnp01919771
1152,cnp01978120
1153,cnp01469731
1154,cnp02216669
1155,cnp01158068
1156,cnp01132050
1157,cnp00416849
1158,cnp02004946
1159,cnp02238866
1160,cnp00878724
1161,cnp00362660
1162,cnp01382581
1163,cnp00422532
1164,cnp01919775
1165,cnp00594617
1166,cnp00930944
1167,cnp00423352
1168,cnp01095548
1169,cnp02163058
1170,cnp01031577
1171,cnp01919777
1172,cnp01337555
1173,cnp01018887
1174,cnp00420471
1175,cnp02153277
1176,cnp01919778
1177,cnp02242965
1178,cnp02163061
1179,cnp01033546
1180,cnp01165435
1181,cnp00398860
1182,cnp00815402
1183,cnp00358735
1184,cnp00627221
1185,cnp00438816
1186,cnp01227148
1187,cnp02223800
1188,cnp00978781
1189,cnp01326748
1190,cnp00487763
1191,cnp01326367
1192,cnp00574131
1193,cnp01334336
1194,cnp01343086
1195,cnp00954337
1196,cnp02268384
1197,cnp02009399
1198,cnp00908308
1199,cnp01919785
1200,cnp00441329
1201,cnp01875724
1202,cnp00404027
1203,cnp01358327
1204,cnp01167131
1205,cnp01358501
1206,cnp01876369
1207,cnp01441824
1208,cnp00395061
1209,cnp01341392
1210,cnp01299242
1211,cnp00421828
1212,cnp00453433
1213,cnp01919786
1214,cnp01131414
1215,cnp01281539
1216,cnp01014101
1217,cnp01323668
1218,cnp00148357
1219,cnp00406843
1220,cnp00506412
1221,cnp00978136
1222,cnp00908508
1223,cnp01124424
1224,cnp00387057
1225,cnp02039623
1226,cnp00415435
1227,cnp02144619
1228,cnp01411784
1229,cnp00944072
1230,cnp00387153
1231,cnp00352248
1232,cnp01303529
1233,cnp02317476
1234,cnp01919797
1235,cnp02206734
1236,cnp01919798
1237,cnp01124039
1238,cnp00552352
1239,cnp01919799
1240,cnp02185853
1241,cnp01374567
1242,cnp01126455
1243,cnp01271717
1244,cnp01167338
1245,cnp01087627
1246,cnp01919800
1247,cnp02163068
1248,cnp00444503
1249,cnp01919802
1250,cnp01337942
1251,cnp01124245
1252,cnp01919805
1253,cnp01943537
1254,cnp00953873
1255,cnp02105430
1256,cnp01053930
1257,cnp00415445
1258,cnp01397344
1259,cnp02231369
1260,cnp01919806
1261,cnp02262033
1262,cnp01124398
1263,cnp01124399
1264,cnp02145178
1265,cnp02241313
1266,cnp01093464
1267,cnp01325201
1268,cnp02063737
1269,cnp01331532
1270,cnp01919809
1271,cnp02318136
1272,cnp01256861
1273,cnp00391433
1274,cnp01919812
1275,cnp00122851
1276,cnp01163888
1277,cnp01919813
1278,cnp01919814
1279,cnp01919817
1280,cnp00506366
1281,cnp00623575
1282,cnp00457477
1283,cnp01124562
1284,cnp01876067
1285,cnp00028004
1286,cnp00985211
1287,cnp00909943
1288,cnp00808662
1289,cnp00833377
1290,cnp00479519
1291,cnp00950311
1292,cnp01364670
1293,cnp01124707
1294,cnp00475918
1295,cnp02111353
1296,cnp01919821
1297,cnp00976318
1298,cnp02163070
1299,cnp00463527
1300,cnp00123061
1301,cnp00526372
1302,cnp00293121
1303,cnp02163071
1304,cnp00951475
1305,cnp00876263
1306,cnp00393597
1307,cnp01378367
1308,cnp01019257
1309,cnp00352184
1310,cnp01017792
1311,cnp00148684
1312,cnp00951352
1313,cnp01333847
1314,cnp01124849
1315,cnp02068029
1316,cnp01919823
1317,cnp01005198
1318,cnp01332040
1319,cnp01337305
1320,cnp01097457
1321,cnp00133878
1322,cnp00968890
1323,cnp01919825
1324,cnp00628359
1325,cnp00994981
1326,cnp01002386
1327,cnp01358202
1328,cnp00450702
1329,cnp01427113
1330,cnp02294271
1331,cnp00449554
1332,cnp01069580
1333,cnp01379389
1334,cnp02125625
1335,cnp01282633
1336,cnp01919826
1337,cnp01919827
1338,cnp01366732
1339,cnp00489877
1340,cnp01919830
1341,cnp02233913
1342,cnp01919831
1343,cnp02163075
1344,cnp00978256
1345,cnp00481255
1346,cnp01000631
1347,cnp00134050
1348,cnp00134134
1349,cnp01476352
1350,cnp01441705
1351,cnp00846196
1352,cnp02185852
1353,cnp01295531
1354,cnp00296371
1355,cnp02252448
1356,cnp01894603
1357,cnp01367280
1358,cnp01381457
1359,cnp01422962
1360,cnp02071462
1361,cnp01084480
1362,cnp00475681
1363,cnp01313208
1364,cnp00167924
1365,cnp00950868
1366,cnp01164324
1367,cnp02143847
1368,cnp01347847
1369,cnp02143846
1370,cnp02163076
1371,cnp01236089
1372,cnp02163077
1373,cnp00442595
1374,cnp00482883
1375,cnp01919833
1376,cnp02329965
1377,cnp00520889
1378,cnp01270509
1379,cnp00876424
1380,cnp01889439
1381,cnp02015482
1382,cnp01425174
1383,cnp01392135
1384,cnp01325125
1385,cnp02292164
1386,cnp02163082
1387,cnp02135747
1388,cnp01289002
1389,cnp01379808
1390,cnp01405498
1391,cnp01875723
1392,cnp01393631
1393,cnp02163083
1394,cnp01153969
1395,cnp01883029
1396,cnp02163085
1397,cnp00477104
1398,cnp02082385
1399,cnp01389811
1400,cnp00468069
1401,cnp00000102
1402,cnp01320638
1403,cnp00000101
1404,cnp01102944
1405,cnp00628335
1406,cnp01322085
1407,cnp01126112
1408,cnp00389082
1409,cnp01224022
1410,cnp02163079
1411,cnp02163080
1412,cnp01956587
1413,cnp02079903
1414,cnp00922491
1415,cnp00632725
1416,cnp00474680
1417,cnp00949101
1418,cnp02036966
1419,cnp02178858
1420,cnp00600993
1421,cnp00385007
1422,cnp02328440
1423,cnp00442567
1424,cnp00551479
1425,cnp00450342
1426,cnp01340039
1427,cnp02313294
1428,cnp01009233
1429,cnp01988226
1430,cnp00385187
1431,cnp01353680
1432,cnp00562788
1433,cnp01476665
1434,cnp00586426
1435,cnp00950586
1436,cnp02096606
1437,cnp01391961
1438,cnp02043121
1439,cnp01222962
1440,cnp01331207
1441,cnp02163090
1442,cnp01919841
1443,cnp00679597
1444,cnp00395467
1445,cnp00390166
1446,cnp02239224
1447,cnp00119308
1448,cnp01919844
1449,cnp01273784
1450,cnp00287999
1451,cnp00974810
1452,cnp01919847
1453,cnp02216650
1454,cnp00435318
1455,cnp00950783
1456,cnp00488390
1457,cnp01930733
1458,cnp01428262
1459,cnp00376916
1460,cnp01944205
1461,cnp00489907
1462,cnp00911134
1463,cnp01919853
1464,cnp02226095
1465,cnp01471426
1466,cnp02292011
1467,cnp00481169
1468,cnp02163092
1469,cnp01885482
1470,cnp01343394
1471,cnp01877716
1472,cnp02072843
1473,cnp01913106
1474,cnp01147469
1475,cnp01103870
1476,cnp02243531
1477,cnp00112645
1478,cnp02157459
1479,cnp01103907
1480,cnp02196604
1481,cnp01046561
1482,cnp00361250
1483,cnp02163096
1484,cnp01919857
1485,cnp01919858
1486,cnp02091188
1487,cnp01944401
1488,cnp00670663
1489,cnp01155424
1490,cnp00628255
1491,cnp01881207
1492,cnp01080119
1493,cnp02306744
1494,cnp00111044
1495,cnp01879502
1496,cnp00950331
1497,cnp00873272
1498,cnp00555044
1499,cnp01919850
1500,cnp01919851
1501,cnp00818269
1502,cnp00375155
1503,cnp01150291
1504,cnp01324793
1505,cnp00483873
1506,cnp01045210
1507,cnp01155894
1508,cnp02163098
1509,cnp01979283
1510,cnp01979284
1511,cnp01104647
1512,cnp01899827
1513,cnp01065866
1514,cnp00616670
1515,cnp01090563
1516,cnp00033654
1517,cnp01326190
1518,cnp00967216
1519,cnp00528233
1520,cnp01310736
1521,cnp00110901
1522,cnp01327984
1523,cnp02311840
1524,cnp02270525
1525,cnp01358387
1526,cnp01235019
1527,cnp01875759
1528,cnp01357239
1529,cnp00134665
1530,cnp01914247
1531,cnp01002798
1532,cnp00951915
1533,cnp02163099
1534,cnp01045073
1535,cnp02327618
1536,cnp01324799
1537,cnp01311444
1538,cnp01057674
1539,cnp01141190
1540,cnp01152102
1541,cnp01080924
1542,cnp00352902
1543,cnp00401510
1544,cnp00870949
1545,cnp00934743
1546,cnp00427755
1547,cnp02312014
1548,cnp01312538
1549,cnp01876902
1550,cnp01093891
1551,cnp01904997
1552,cnp00111208
1553,cnp00911531
1554,cnp01913608
1555,cnp02127091
1556,cnp00398978
1557,cnp00157844
1558,cnp00387489
1559,cnp01104397
1560,cnp01005185
1561,cnp01104400
1562,cnp01373057
1563,cnp01014660
1564,cnp00989664
1565,cnp01320129
1566,cnp01391642
1567,cnp01877738
1568,cnp01329310
1569,cnp01358244
1570,cnp01327562
1571,cnp00170294
1572,cnp01145635
1573,cnp02267302
1574,cnp01395981
1575,cnp01177690
1576,cnp02230372
1577,cnp01333137
1578,cnp02084687
1579,cnp01390409
1580,cnp02065440
1581,cnp01403284
1582,cnp01498919
1583,cnp01323512
1584,cnp01020943
1585,cnp02199349
1586,cnp00434558
1587,cnp01273485
1588,cnp01303559
1589,cnp01204584
1590,cnp01389166
1591,cnp00465522
1592,cnp02157033
1593,cnp01368034
1594,cnp01879247
1595,cnp01880159
1596,cnp01328011
1597,cnp02224922
1598,cnp00111519
1599,cnp00454903
1600,cnp01482573
1601,cnp01126373
1602,cnp01358382
1603,cnp00950031
1604,cnp01905002
1605,cnp00950320
1606,cnp00501278
1607,cnp01939438
1608,cnp02137543
1609,cnp02155532
1610,cnp01404120
1611,cnp01104713
1612,cnp01236405
1613,cnp00883349
1614,cnp00388256
1615,cnp02147246
1616,cnp02104795
1617,cnp01969331
1618,cnp01274147
1619,cnp01348319
1620,cnp00964342
1621,cnp01005181
1622,cnp01919865
1623,cnp00537091
1624,cnp00870859
1625,cnp01104779
1626,cnp01919866
1627,cnp00493839
1628,cnp00822257
1629,cnp01919868
1630,cnp02163109
1631,cnp00111937
1632,cnp01095952
1633,cnp01341138
1634,cnp00388387
1635,cnp00985849
1636,cnp02163111
1637,cnp00833812
1638,cnp00455142
1639,cnp01295095
1640,cnp01904273
1641,cnp01074779
1642,cnp01093984
1643,cnp01441677
1644,cnp00449362
1645,cnp00393311
1646,cnp01003669
1647,cnp00580845
1648,cnp02143854
1649,cnp01236491
1650,cnp01204469
1651,cnp02164118
1652,cnp01358616
1653,cnp01878121
1654,cnp00522422
1655,cnp02143845
1656,cnp01377638
1657,cnp01090833
1658,cnp01471640
1659,cnp02335307
1660,cnp01442817
1661,cnp00135217
1662,cnp01880384
1663,cnp01919869
1664,cnp00295424
1665,cnp00635769
1666,cnp00643031
1667,cnp01127978
1668,cnp00590163
1669,cnp00514820
1670,cnp01273643
1671,cnp00558840
1672,cnp01381870
1673,cnp00442598
1674,cnp01236601
1675,cnp02239207
1676,cnp01204159
1677,cnp01877430
1678,cnp01303893
1679,cnp00952876
1680,cnp01280396
1681,cnp00388799
1682,cnp01105065
1683,cnp02057613
1684,cnp01273354
1685,cnp02086877
1686,cnp02328026
1687,cnp02163116
1688,cnp01349842
1689,cnp02163117
1690,cnp00319593
1691,cnp01087624
1692,cnp01878521
1693,cnp01355786
1694,cnp00973134
1695,cnp02172045
1696,cnp00110822
1697,cnp01304679
1698,cnp01054493
1699,cnp02251223
1700,cnp01879661
1701,cnp01328166
1702,cnp01202914
1703,cnp00387106
1704,cnp01919870
1705,cnp02236636
1706,cnp01203933
1707,cnp01302746
1708,cnp01360525
1709,cnp01026779
1710,cnp01358790
1711,cnp00110751
1712,cnp01352975
1713,cnp01327931
1714,cnp00347802
1715,cnp02249361
1716,cnp00980603
1717,cnp00525061
1718,cnp02333791
1719,cnp02064888
1720,cnp01229576
1721,cnp01157260
1722,cnp00950635
1723,cnp00888852
1724,cnp02163119
1725,cnp02333573
1726,cnp00995502
1727,cnp01365166
1728,cnp01391974
1729,cnp00590379
1730,cnp01330343
1731,cnp01088041
1732,cnp02050212
1733,cnp02050211
1734,cnp01976080
1735,cnp01105478
1736,cnp02163120
1737,cnp00555059
1738,cnp01088054
1739,cnp01938795
1740,cnp01009855
1741,cnp01365958
1742,cnp01919874
1743,cnp00995760
1744,cnp00968691
1745,cnp00951070
1746,cnp00951386
1747,cnp00458472
1748,cnp01236908
1749,cnp02115367
1750,cnp00402269
1751,cnp00526061
1752,cnp00669927
1753,cnp01310754
1754,cnp00364664
1755,cnp01508292
1756,cnp01382841
1757,cnp01919875
1758,cnp01153473
1759,cnp02163121
1760,cnp01025582
1761,cnp00913474
1762,cnp00597936
1763,cnp01166396
1764,cnp01293006
1765,cnp01921105
1766,cnp02174871
1767,cnp02163897
1768,cnp00922870
1769,cnp01906428
1770,cnp00991876
1771,cnp01237076
1772,cnp00985846
1773,cnp02179229
1774,cnp00886958
1775,cnp00955408
1776,cnp00064019
1777,cnp00988376
1778,cnp01161652
1779,cnp01332204
1780,cnp01398423
1781,cnp00938429
1782,cnp01097481
1783,cnp01032749
1784,cnp02071463
1785,cnp00580318
1786,cnp01180835
1787,cnp00368655
1788,cnp01328899
1789,cnp00404470
1790,cnp00403510
1791,cnp01329452
1792,cnp00035665
1793,cnp00130582
1794,cnp01010088
1795,cnp01319298
1796,cnp00453436
1797,cnp00035669
1798,cnp02248093
1799,cnp00130584
1800,cnp00368657
1801,cnp00340419
1802,cnp00943046
1803,cnp00458084
1804,cnp02187672
1805,cnp00967586
1806,cnp01875825
1807,cnp01082076
1808,cnp01927883
1809,cnp00443450
1810,cnp01105786
1811,cnp01039367
1812,cnp01227867
1813,cnp02252402
1814,cnp01161654
1815,cnp00945436
1816,cnp02209507
1817,cnp00061045
1818,cnp00012362
1819,cnp01370693
1820,cnp01419568
1821,cnp02101303
1822,cnp01406219
1823,cnp00588634
1824,cnp01335052
1825,cnp02299102
1826,cnp01310072
1827,cnp00119421
1828,cnp00345770
1829,cnp02233566
1830,cnp01237118
1831,cnp01319301
1832,cnp01237124
1833,cnp02131155
1834,cnp01395745
1835,cnp01908394
1836,cnp02088726
1837,cnp01105774
1838,cnp01239899
1839,cnp02215503
1840,cnp00177186
1841,cnp00450397
1842,cnp01105788
1843,cnp00395781
1844,cnp01105789
1845,cnp01333863
1846,cnp01994325
1847,cnp01333197
1848,cnp01468301
1849,cnp01332205
1850,cnp00406068
1851,cnp01440816
1852,cnp01317909
1853,cnp00405813
1854,cnp01979544
1855,cnp02189751
1856,cnp02210773
1857,cnp01088135
1858,cnp01327702
1859,cnp02163122
1860,cnp01938485
1861,cnp00401494
1862,cnp02168144
1863,cnp01237192
1864,cnp00409251
1865,cnp01105937
1866,cnp01328587
1867,cnp00950341
1868,cnp00479252
1869,cnp01340372
1870,cnp01368037
1871,cnp02128420
1872,cnp00947219
1873,cnp01281827
1874,cnp00656330
1875,cnp00821780
1876,cnp00364411
1877,cnp02150793
1878,cnp01422188
1879,cnp01045770
1880,cnp00874308
1881,cnp01391658
1882,cnp02236633
1883,cnp02112797
1884,cnp02145697
1885,cnp01919885
1886,cnp01919886
1887,cnp01328396
1888,cnp01890712
1889,cnp01346388
1890,cnp01082426
1891,cnp00901346
1892,cnp01026363
1893,cnp01352980
1894,cnp01511009
1895,cnp01502265
1896,cnp02234748
1897,cnp01945055
1898,cnp01106136
1899,cnp01103897
1900,cnp01355754
1901,cnp00588668
1902,cnp01340179
1903,cnp00473300
1904,cnp01317941
1905,cnp01035230
1906,cnp01443345
1907,cnp02221103
1908,cnp01143041
1909,cnp01348108
1910,cnp00155913
1911,cnp00877897
1912,cnp00902487
1913,cnp00943798
1914,cnp02239210
1915,cnp01879067
1916,cnp01000904
1917,cnp01895099
1918,cnp01026389
1919,cnp00185752
1920,cnp01919890
1921,cnp00415975
1922,cnp01883201
1923,cnp01323399
1924,cnp01427334
1925,cnp02134908
1926,cnp01208565
1927,cnp01907086
1928,cnp01906283
1929,cnp00985538
1930,cnp00494980
1931,cnp00985009
1932,cnp01026399
1933,cnp02155535
1934,cnp01099337
1935,cnp02106511
1936,cnp01919892
1937,cnp00578372
1938,cnp00568530
1939,cnp01291829
1940,cnp00930960
1941,cnp02131315
1942,cnp02121557
1943,cnp02163127
1944,cnp01880487
1945,cnp01340478
1946,cnp01875716
1947,cnp00549053
1948,cnp02235517
1949,cnp02008439
1950,cnp02237779
1951,cnp01338415
1952,cnp00062514
1953,cnp01919897
1954,cnp00602657
1955,cnp01322061
1956,cnp01358615
1957,cnp01497657
1958,cnp01326696
1959,cnp00619476
1960,cnp01365922
1961,cnp00951638
1962,cnp01919898
1963,cnp02156742
1964,cnp01106683
1965,cnp00974881
1966,cnp01919900
1967,cnp02163128
1968,cnp01919902
1969,cnp01106724
1970,cnp02148725
1971,cnp01140342
1972,cnp02071407
1973,cnp01344695
1974,cnp01306733
1975,cnp01106748
1976,cnp01358036
1977,cnp02230304
1978,cnp02183983
1979,cnp00124549
1980,cnp02053532
1981,cnp01323244
1982,cnp00103416
1983,cnp02111485
1984,cnp01325109
1985,cnp02244888
1986,cnp01337449
1987,cnp02141378
1988,cnp00400188
1989,cnp02144521
1990,cnp01225511
1991,cnp01129436
1992,cnp02145424
1993,cnp00390594
1994,cnp01381883
1995,cnp01367633
1996,cnp00404446
1997,cnp01340690
1998,cnp01403684
1999,cnp01382743
2000,cnp01048475
2001,cnp02107698
2002,cnp01987854
2003,cnp01005203
2004,cnp01939722
2005,cnp01318008
2006,cnp01306179
2007,cnp02184365
2008,cnp00484738
2009,cnp01345651
2010,cnp00892951
2011,cnp00461817
2012,cnp01321942
2013,cnp01327958
2014,cnp01315286
2015,cnp01939035
2016,cnp01382820
2017,cnp01895823
2018,cnp00395926
2019,cnp00395927
2020,cnp02087919
2021,cnp02033956
2022,cnp01919908
2023,cnp01364665
2024,cnp01890630
2025,cnp00037547
2026,cnp01084896
2027,cnp00952853
2028,cnp01161775
2029,cnp01089297
2030,cnp00480069
2031,cnp02163131
2032,cnp01085022
2033,cnp01292034
2034,cnp01878956
2035,cnp02158384
2036,cnp01106465
2037,cnp00877898
2038,cnp01919895
2039,cnp01989297
2040,cnp01970515
2041,cnp00873960
2042,cnp00350794
2043,cnp01423422
2044,cnp00946633
2045,cnp00390534
2046,cnp02163129
2047,cnp00355114
2048,cnp00354811
2049,cnp01064799
2050,cnp00951338
2051,cnp01919906
2052,cnp00611392
2053,cnp00113605
2054,cnp01919907
2055,cnp01374654
2056,cnp01320560
2057,cnp00889711
2058,cnp01879892
2059,cnp02163132
2060,cnp01237671
2061,cnp01047680
2062,cnp00423694
2063,cnp01339452
2064,cnp02215604
2065,cnp01143314
2066,cnp01390062
2067,cnp01370206
2068,cnp01179347
2069,cnp01306191
2070,cnp00951608
2071,cnp01342151
2072,cnp00513855
2073,cnp00424400
2074,cnp02163134
2075,cnp01107274
2076,cnp02163135
2077,cnp00407311
2078,cnp01107316
2079,cnp01237746
2080,cnp00545482
2081,cnp00283188
2082,cnp00355222
2083,cnp00465294
2084,cnp00388107
2085,cnp00433134
2086,cnp01009797
2087,cnp01992268
2088,cnp01471432
2089,cnp01498927
2090,cnp02226539
2091,cnp00496933
2092,cnp01088802
2093,cnp01392446
2094,cnp01375612
2095,cnp00114038
2096,cnp02206406
2097,cnp00915317
2098,cnp00460678
2099,cnp00114075
2100,cnp01381100
2101,cnp01932962
2102,cnp00369131
2103,cnp00937233
2104,cnp01289741
2105,cnp00824013
2106,cnp01919917
2107,cnp00951936
2108,cnp01430836
2109,cnp00388517
2110,cnp01894512
2111,cnp01908712
2112,cnp01431484
2113,cnp01351573
2114,cnp00402797
2115,cnp01275900
2116,cnp00522382
2117,cnp01403173
2118,cnp02006857
2119,cnp00478931
2120,cnp02163138
2121,cnp00374679
2122,cnp00514994
2123,cnp01408867
2124,cnp02156363
2125,cnp00417122
2126,cnp00588824
2127,cnp02086085
2128,cnp01487024
2129,cnp00373175
2130,cnp01353015
2131,cnp01878530
2132,cnp01115604
2133,cnp01238011
2134,cnp01352643
2135,cnp01320789
2136,cnp00454735
2137,cnp00582973
2138,cnp01238026
2139,cnp01880016
2140,cnp00506766
2141,cnp02063011
2142,cnp00556047
2143,cnp00375120
2144,cnp01881411
2145,cnp00824968
2146,cnp00946324
2147,cnp02155835
2148,cnp01173427
2149,cnp00390662
2150,cnp01324852
2151,cnp02057847
2152,cnp00059063
2153,cnp01327695
2154,cnp01095949
2155,cnp02163142
2156,cnp01238120
2157,cnp01987528
2158,cnp00583554
2159,cnp02085668
2160,cnp02163143
2161,cnp02311716
2162,cnp01200975
2163,cnp00399271
2164,cnp01366050
2165,cnp00354340
2166,cnp00431793
2167,cnp00384901
2168,cnp01328990
2169,cnp02211496
2170,cnp02230235
2171,cnp00950396
2172,cnp00458613
2173,cnp01919925
2174,cnp01400843
2175,cnp00130838
2176,cnp01479020
2177,cnp02248072
2178,cnp00384916
2179,cnp02163145
2180,cnp02258728
2181,cnp01108163
2182,cnp02222242
2183,cnp00996213
2184,cnp01045726
2185,cnp01377339
2186,cnp01166588
2187,cnp00576606
2188,cnp00962892
2189,cnp01337057
2190,cnp01382947
2191,cnp01411736
2192,cnp01179540
2193,cnp00463230
2194,cnp01500415
2195,cnp02266642
2196,cnp02201891
2197,cnp00985425
2198,cnp00482208
2199,cnp00873636
2200,cnp00809379
2201,cnp00617340
2202,cnp00482504
2203,cnp02223923
2204,cnp01341126
2205,cnp00950350
2206,cnp02163146
2207,cnp01919926
2208,cnp02309546
2209,cnp01443175
2210,cnp00114240
2211,cnp00436276
2212,cnp01511015
2213,cnp01133177
2214,cnp01033200
2215,cnp01108514
2216,cnp02134621
2217,cnp01018318
2218,cnp02144830
2219,cnp01238549
2220,cnp01318964
2221,cnp01334753
2222,cnp01238592
2223,cnp01391678
2224,cnp01238637
2225,cnp02236162
2226,cnp02243113
2227,cnp00519261
2228,cnp00125649
2229,cnp01327326
2230,cnp00102076
2231,cnp00138436
2232,cnp00125749
2233,cnp02078294
2234,cnp00950839
2235,cnp00344419
2236,cnp00950470
2237,cnp01378198
2238,cnp00477319
2239,cnp01884738
2240,cnp01328111
2241,cnp00401670
2242,cnp00424411
2243,cnp01173508
2244,cnp01484810
2245,cnp01340816
2246,cnp01362970
2247,cnp01173351
2248,cnp01267813
2249,cnp01109050
2250,cnp00942641
2251,cnp01324006
2252,cnp00036816
2253,cnp01202032
2254,cnp01220840
2255,cnp01919930
2256,cnp01311921
2257,cnp01128340
2258,cnp01889116
2259,cnp02101490
2260,cnp00480067
2261,cnp02129526
2262,cnp02206935
2263,cnp01881490
2264,cnp00620144
2265,cnp02118324
2266,cnp01196433
2267,cnp02163150
2268,cnp00115331
2269,cnp02223694
2270,cnp01331537
2271,cnp02163151
2272,cnp00363690
2273,cnp01919933
2274,cnp01108869
2275,cnp01365405
2276,cnp00809407
2277,cnp01327358
2278,cnp00256477
2279,cnp00954342
2280,cnp02163152
2281,cnp02218403
2282,cnp01941103
2283,cnp00952255
2284,cnp02073500
2285,cnp01954094
2286,cnp01919935
2287,cnp01919936
2288,cnp02004166
2289,cnp01329458
2290,cnp02143424
2291,cnp00377704
2292,cnp01320637
2293,cnp00125017
2294,cnp02140614
2295,cnp01326433
2296,cnp00547788
2297,cnp01976173
2298,cnp01323251
2299,cnp00094435
2300,cnp02205061
2301,cnp01388584
2302,cnp01330777
2303,cnp00872799
2304,cnp02140673
2305,cnp01880764
2306,cnp01398736
2307,cnp00994933
2308,cnp01239107
2309,cnp00019029
2310,cnp02163156
2311,cnp00463656
2312,cnp00115508
2313,cnp02163157
2314,cnp00131458
2315,cnp01109708
2316,cnp00504662
2317,cnp01098720
2318,cnp01331191
2319,cnp00290787
2320,cnp00458133
2321,cnp00386174
2322,cnp00125588
2323,cnp02294549
2324,cnp00443447
2325,cnp01109829
2326,cnp01443254
2327,cnp00498652
2328,cnp01919940
2329,cnp01109850
2330,cnp00475808
2331,cnp02163158
2332,cnp01260483
2333,cnp01328354
2334,cnp01012077
2335,cnp02237094
2336,cnp00997486
2337,cnp02163160
2338,cnp01939116
2339,cnp01031504
2340,cnp00925021
2341,cnp02163162
2342,cnp01034185
2343,cnp01481855
2344,cnp02163163
2345,cnp02069898
2346,cnp01110002
2347,cnp01321054
2348,cnp02002741
2349,cnp00985228
2350,cnp02163165
2351,cnp02309206
2352,cnp00497608
2353,cnp01418376
2354,cnp00386550
2355,cnp01323455
2356,cnp01340180
2357,cnp00579721
2358,cnp01351453
2359,cnp00473662
2360,cnp01919943
2361,cnp02062689
2362,cnp00352883
2363,cnp01349751
2364,cnp01087877
2365,cnp01227314
2366,cnp01996123
2367,cnp00994824
2368,cnp00422408
2369,cnp00185395
2370,cnp01421274
2371,cnp01875381
2372,cnp02118128
2373,cnp01875826
2374,cnp01239259
2375,cnp01239260
2376,cnp00985501
2377,cnp02163169
2378,cnp01033767
2379,cnp01239280
2380,cnp01919945
2381,cnp00125422
2382,cnp02140728
2383,cnp00399397
2384,cnp00408365
2385,cnp01340546
2386,cnp01087901
2387,cnp01327291
2388,cnp00963008
2389,cnp01326430
2390,cnp00950917
2391,cnp00551699
2392,cnp00444650
2393,cnp00572639
2394,cnp00378175
2395,cnp01917023
2396,cnp02163174
2397,cnp01324297
2398,cnp00038260
2399,cnp01167258
2400,cnp01162123
2401,cnp01358620
2402,cnp01344864
2403,cnp01073264
2404,cnp01308927
2405,cnp00453662
2406,cnp00452097
2407,cnp01110514
2408,cnp02163178
2409,cnp01919951
2410,cnp00464555
2411,cnp01919952
2412,cnp00877968
2413,cnp02163182
2414,cnp01258188
2415,cnp02163183
2416,cnp01377626
2417,cnp01239437
2418,cnp02163184
2419,cnp00099254
2420,cnp01361348
2421,cnp01167838
2422,cnp01938014
2423,cnp01380667
2424,cnp01110613
2425,cnp00360998
2426,cnp00506076
2427,cnp02069067
2428,cnp00405470
2429,cnp02261078
2430,cnp01441821
2431,cnp01875735
2432,cnp01172052
2433,cnp01080693
2434,cnp02163189
2435,cnp02163192
2436,cnp01319119
2437,cnp01341011
2438,cnp01898269
2439,cnp02163173
2440,cnp00961431
2441,cnp00405934
2442,cnp02327558
2443,cnp01338123
2444,cnp00400398
2445,cnp01080905
2446,cnp01375474
2447,cnp01360368
2448,cnp00187127
2449,cnp01919955
2450,cnp00448500
2451,cnp01912910
2452,cnp01907502
2453,cnp00481758
2454,cnp01239573
2455,cnp01225290
2456,cnp00108734
2457,cnp02308019
2458,cnp01162184
2459,cnp02088071
2460,cnp02186491
2461,cnp01110959
2462,cnp00930659
2463,cnp01150901
2464,cnp01136245
2465,cnp02222623
2466,cnp01005241
2467,cnp01239650
2468,cnp02141823
2469,cnp01323079
2470,cnp01162273
2471,cnp01162275
2472,cnp02145391
2473,cnp00692400
2474,cnp01937608
2475,cnp00910567
2476,cnp01128234
2477,cnp01344878
2478,cnp01919956
2479,cnp01919957
2480,cnp00853952
2481,cnp01884779
2482,cnp00506631
2483,cnp01919958
2484,cnp00457606
2485,cnp02333431
2486,cnp00430262
2487,cnp00158016
2488,cnp01089498
2489,cnp00400516
2490,cnp01281726
2491,cnp02121758
2492,cnp01089507
2493,cnp01239763
2494,cnp01997724
2495,cnp01239764
2496,cnp00698007
2497,cnp02163197
2498,cnp00366743
2499,cnp00918436
2500,cnp01034296
2501,cnp00485397
2502,cnp00463471
2503,cnp00400522
2504,cnp01365535
2505,cnp02102392
2506,cnp01174688
2507,cnp00389027
2508,cnp02142802
2509,cnp01290195
2510,cnp01876551
2511,cnp00396411
2512,cnp01341197
2513,cnp00489892
2514,cnp01319583
2515,cnp00918450
2516,cnp00998676
2517,cnp00074593
2518,cnp01919962
2519,cnp01919961
2520,cnp00908747
2521,cnp02146374
2522,cnp01163542
2523,cnp01111484
2524,cnp00654579
2525,cnp02327523
2526,cnp01296840
2527,cnp01876214
2528,cnp01389689
2529,cnp02157929
2530,cnp01482767
2531,cnp01389667
2532,cnp01286863
2533,cnp01919967
2534,cnp00631975
2535,cnp01919968
2536,cnp00951856
2537,cnp01919969
2538,cnp00993973
2539,cnp02145694
2540,cnp02193879
2541,cnp00399615
2542,cnp00951955
2543,cnp02148953
2544,cnp02061808
2545,cnp00521550
2546,cnp01391697
2547,cnp00390875
2548,cnp02146021
2549,cnp00919295
2550,cnp01348251
2551,cnp01443494
2552,cnp01877797
2553,cnp01919973
2554,cnp01053665
2555,cnp00596996
2556,cnp01039996
2557,cnp01919977
2558,cnp00505724
2559,cnp00388939
2560,cnp01112055
2561,cnp00301793
2562,cnp02163209
2563,cnp01994802
2564,cnp01273329
2565,cnp01875537
2566,cnp02163211
2567,cnp01877772
2568,cnp00389786
2569,cnp02330678
2570,cnp02285000
2571,cnp01029629
2572,cnp02335717
2573,cnp00369463
2574,cnp01302373
2575,cnp01029668
2576,cnp01878958
2577,cnp01320896
2578,cnp00951187
2579,cnp00888077
2580,cnp01919972
2581,cnp01919970
2582,cnp01919971
2583,cnp00569865
2584,cnp00469478
2585,cnp00116722
2586,cnp00401027
2587,cnp00950508
2588,cnp01024644
2589,cnp00506441
2590,cnp01239855
2591,cnp01160432
2592,cnp00496530
2593,cnp01919983
2594,cnp01258483
2595,cnp01258510
2596,cnp00551724
2597,cnp01271878
2598,cnp00587954
2599,cnp01470125
2600,cnp01239953
2601,cnp02086356
2602,cnp01406818
2603,cnp01112454
2604,cnp01367244
2605,cnp01298382
2606,cnp01179438
2607,cnp02175218
2608,cnp01239977
2609,cnp00121577
2610,cnp00187964
2611,cnp01396539
2612,cnp01112480
2613,cnp01470008
2614,cnp01876574
2615,cnp01325046
2616,cnp01919988
2617,cnp02073983
2618,cnp01875669
2619,cnp01240021
2620,cnp01332426
2621,cnp01306305
2622,cnp02162900
2623,cnp01240041
2624,cnp01307826
2625,cnp00995425
2626,cnp00376819
2627,cnp02265942
2628,cnp00554335
2629,cnp02163212
2630,cnp02236218
2631,cnp01389837
2632,cnp00096056
2633,cnp01089867
2634,cnp01391968
2635,cnp00070692
2636,cnp02213140
2637,cnp01470308
2638,cnp00598857
2639,cnp01919992
2640,cnp01415028
2641,cnp00469801
2642,cnp02252061
2643,cnp00131793
2644,cnp00141299
2645,cnp02163215
2646,cnp02249195
2647,cnp02330985
2648,cnp00160646
2649,cnp00702380
2650,cnp02306517
2651,cnp00926527
2652,cnp01010218
2653,cnp01287979
2654,cnp02123655
2655,cnp01919993
2656,cnp01100072
2657,cnp01112884
2658,cnp00439621
2659,cnp02225936
2660,cnp01318480
2661,cnp01112934
2662,cnp00983871
2663,cnp02216673
2664,cnp00599839
2665,cnp02163218
2666,cnp01320816
2667,cnp00672449
2668,cnp01090174
2669,cnp01992297
2670,cnp01258611
2671,cnp01271242
2672,cnp01208415
2673,cnp01469308
2674,cnp02122286
2675,cnp02151402
2676,cnp00505261
2677,cnp02151920
2678,cnp00999508
2679,cnp01240230
2680,cnp02178661
2681,cnp00458518
2682,cnp02163220
2683,cnp00366799
2684,cnp01920000
2685,cnp02138385
2686,cnp00140048
2687,cnp01146155
2688,cnp01259618
2689,cnp01024774
2690,cnp01920003
2691,cnp00126726
2692,cnp00126727
2693,cnp01364714
2694,cnp00590304
2695,cnp01143800
2696,cnp01085443
2697,cnp01113293
2698,cnp01113305
2699,cnp02205715
2700,cnp02138774
2701,cnp01411587
2702,cnp00402987
2703,cnp01072317
2704,cnp01113325
2705,cnp01276404
2706,cnp01391321
2707,cnp02228037
2708,cnp02175055
2709,cnp02163222
2710,cnp01093433
2711,cnp01127525
2712,cnp01005218
2713,cnp00537706
2714,cnp01920009
2715,cnp01113388
2716,cnp01327944
2717,cnp01035916
2718,cnp00131948
2719,cnp01306859
2720,cnp01240272
2721,cnp00238421
2722,cnp01468684
2723,cnp01127346
2724,cnp00972340
2725,cnp02202195
2726,cnp00460199
2727,cnp00406637
2728,cnp01920011
2729,cnp00445951
2730,cnp02170712
2731,cnp02163226
2732,cnp01439830
2733,cnp00369337
2734,cnp01905635
2735,cnp02163227
2736,cnp00961968
2737,cnp00917420
2738,cnp02093377
2739,cnp01286849
2740,cnp00444510
2741,cnp02163221
2742,cnp01920006
2743,cnp01347911
2744,cnp01879501
2745,cnp00482858
2746,cnp02163225
2747,cnp00144285
2748,cnp01406268
2749,cnp00969971
2750,cnp01470847
2751,cnp00139091
2752,cnp01291699
2753,cnp01920012
2754,cnp00144286
2755,cnp02268286
2756,cnp01881153
2757,cnp01321943
2758,cnp00502184
2759,cnp00465583
2760,cnp00483287
2761,cnp00494074
2762,cnp01335244
2763,cnp00553445
2764,cnp01880791
2765,cnp01343608
2766,cnp00450353
2767,cnp01359016
2768,cnp00479710
2769,cnp00042059
2770,cnp01354576
2771,cnp01351560
2772,cnp01356340
2773,cnp00950583
2774,cnp00379618
2775,cnp00505565
2776,cnp01337724
2777,cnp00042151
2778,cnp00527979
2779,cnp01168593
2780,cnp00370488
2781,cnp02224706
2782,cnp01920140
2783,cnp01089437
2784,cnp02229154
2785,cnp01422536
2786,cnp01113897
2787,cnp01920016
2788,cnp02056000
2789,cnp01334589
2790,cnp01086043
2791,cnp01310386
2792,cnp00800049
2793,cnp01291204
2794,cnp00478398
2795,cnp02163234
2796,cnp02187878
2797,cnp01875401
2798,cnp01920019
2799,cnp01920211
2800,cnp01339637
2801,cnp02078489
2802,cnp01920020
2803,cnp01015961
2804,cnp00964417
2805,cnp02236952
2806,cnp02108364
2807,cnp00952066
2808,cnp02317437
2809,cnp02134886
2810,cnp01423328
2811,cnp00622501
2812,cnp00995221
2813,cnp01318573
2814,cnp02236239
2815,cnp02015544
2816,cnp01306324
2817,cnp00389779
2818,cnp02163235
2819,cnp01410240
2820,cnp01065894
2821,cnp02015545
2822,cnp02268652
2823,cnp00926947
2824,cnp00192726
2825,cnp01427289
2826,cnp02060705
2827,cnp01180030
2828,cnp01347836
2829,cnp00396731
2830,cnp01424608
2831,cnp01877039
2832,cnp01240710
2833,cnp01114443
2834,cnp00539401
2835,cnp01356636
2836,cnp02169841
2837,cnp00950381
2838,cnp00402716
2839,cnp00465119
2840,cnp00469376
2841,cnp01318599
2842,cnp00489880
2843,cnp00424024
2844,cnp02071743
2845,cnp00148632
2846,cnp01920024
2847,cnp00855016
2848,cnp01933545
2849,cnp00389349
2850,cnp02163239
2851,cnp00916637
2852,cnp01110021
2853,cnp02166089
2854,cnp01380736
2855,cnp02163240
2856,cnp00567948
2857,cnp00556771
2858,cnp00994937
2859,cnp01946728
2860,cnp01039400
2861,cnp02173438
2862,cnp00951014
2863,cnp01921290
2864,cnp01907258
2865,cnp02236743
2866,cnp01390742
2867,cnp02293390
2868,cnp01349455
2869,cnp02236994
2870,cnp01390739
2871,cnp01368847
2872,cnp02265325
2873,cnp01390960
2874,cnp01392479
2875,cnp01325602
2876,cnp02232288
2877,cnp00496927
2878,cnp00572215
2879,cnp02239016
2880,cnp01875480
2881,cnp01240961
2882,cnp01908276
2883,cnp01879400
2884,cnp01330931
2885,cnp01229790
2886,cnp00615653
2887,cnp01390435
2888,cnp01136259
2889,cnp01241028
2890,cnp02071144
2891,cnp01333594
2892,cnp02170729
2893,cnp01886636
2894,cnp02135612
2895,cnp02238124
2896,cnp02238125
2897,cnp01876276
2898,cnp00985842
2899,cnp00927693
2900,cnp00399767
2901,cnp01389975
2902,cnp01986448
2903,cnp01375494
2904,cnp01382017
2905,cnp01886667
2906,cnp01403842
2907,cnp00147670
2908,cnp01241199
2909,cnp01322847
2910,cnp02172727
2911,cnp02047298
2912,cnp01315442
2913,cnp00064282
2914,cnp00859502
2915,cnp02182660
2916,cnp02163244
2917,cnp02306040
2918,cnp01875207
2919,cnp00283171
2920,cnp01370822
2921,cnp01920029
2922,cnp00352036
2923,cnp01920032
2924,cnp01920033
2925,cnp02251061
2926,cnp02163246
2927,cnp00419809
2928,cnp01944825
2929,cnp00689671
2930,cnp02163247
2931,cnp00555016
2932,cnp01048542
2933,cnp00476783
2934,cnp00526176
2935,cnp01920034
2936,cnp01114860
2937,cnp00907871
2938,cnp00148463
2939,cnp02052857
2940,cnp01088374
2941,cnp01501297
2942,cnp02163250
2943,cnp02163251
2944,cnp00536421
2945,cnp01920037
2946,cnp00681549
2947,cnp02061573
2948,cnp00509794
2949,cnp01469355
2950,cnp01920039
2951,cnp01939268
2952,cnp01049625
2953,cnp02163255
2954,cnp01471258
2955,cnp00967836
2956,cnp02163256
2957,cnp02128642
2958,cnp00951200
2959,cnp01368343
2960,cnp00132338
2961,cnp02163258
2962,cnp01292485
2963,cnp00547154
2964,cnp02122962
2965,cnp01056052
2966,cnp02184439
2967,cnp01115449
2968,cnp01920040
2969,cnp01350014
2970,cnp00652411
2971,cnp01920041
2972,cnp02209383
2973,cnp00424447
2974,cnp00149470
2975,cnp02317422
2976,cnp01318840
2977,cnp02163263
2978,cnp01068804
2979,cnp01303291
2980,cnp00908963
2981,cnp01327543
2982,cnp01399177
2983,cnp00476404
2984,cnp02163265
2985,cnp00528629
2986,cnp01401174
2987,cnp00845423
2988,cnp01987333
2989,cnp00952457
2990,cnp01341256
2991,cnp00149766
2992,cnp00576489
2993,cnp02095981
2994,cnp01879156
2995,cnp01392374
2996,cnp02084166
2997,cnp01391475
2998,cnp02194374
2999,cnp01920048
3000,cnp02188256
3001,cnp01175941
3002,cnp01321711
3003,cnp00390432
3004,cnp01320744
3005,cnp01920049
3006,cnp01920050
3007,cnp02327131
3008,cnp01115869
3009,cnp00962937
3010,cnp00872719
3011,cnp00426929
3012,cnp00149586
3013,cnp01098391
3014,cnp00911296
3015,cnp00896852
3016,cnp00465530
3017,cnp01324836
3018,cnp00951056
3019,cnp00381182
3020,cnp01920052
3021,cnp02157622
3022,cnp01273347
3023,cnp00998650
3024,cnp00892467
3025,cnp00019484
3026,cnp00950447
3027,cnp00951953
3028,cnp01323680
3029,cnp01405406
3030,cnp01370532
3031,cnp01358935
3032,cnp00938379
3033,cnp01920059
3034,cnp00571276
3035,cnp01975113
3036,cnp01920061
3037,cnp02069622
3038,cnp01116302
3039,cnp01028776
3040,cnp00390667
3041,cnp01481635
3042,cnp02184738
3043,cnp01102423
3044,cnp02138526
3045,cnp01223314
3046,cnp01469295
3047,cnp01327056
3048,cnp00012898
3049,cnp02265211
3050,cnp01303513
3051,cnp00978103
3052,cnp02306583
3053,cnp00368388
3054,cnp02227217
3055,cnp00543426
3056,cnp02269814
3057,cnp02298961
3058,cnp01356128
3059,cnp00405698
3060,cnp02078749
3061,cnp01116448
3062,cnp01368443
3063,cnp02190952
3064,cnp01891210
3065,cnp02140580
3066,cnp01116504
3067,cnp02163274
3068,cnp01093544
3069,cnp02163275
3070,cnp00400924
3071,cnp02069780
3072,cnp01369270
3073,cnp00150630
3074,cnp02163276
3075,cnp00546252
3076,cnp02163277
3077,cnp01876151
3078,cnp01116603
3079,cnp00420502
3080,cnp02163278
3081,cnp01905556
3082,cnp00358246
3083,cnp02163280
3084,cnp00449674
3085,cnp01303999
3086,cnp00915396
3087,cnp01386056
3088,cnp01409583
3089,cnp00579703
3090,cnp02110519
3091,cnp00950611
3092,cnp01355685
3093,cnp02006023
3094,cnp02180773
3095,cnp02190984
3096,cnp02202966
3097,cnp02048444
3098,cnp02199536
3099,cnp02098294
3100,cnp02044607
3101,cnp01344247
